¹Å¸q¿¤¤½¨®³B,103,±ö¤s-¦Ë±T°ª¤¤,±ö¤s,¦Ë±T°ª¤¤,,,
¹Å¸q¿¤¤½¨®³B,103,¦Ë±T°ª¤¤-±ö¤s,¦Ë±T°ª¤¤,±ö¤s,,,
¹Å¸q¿¤¤½¨®³B,105,»[ÀY½©ÑL¤å¤Æ¶é°Ï¡÷¬G®c«n°|¡÷°ªÅK¹Å¸q¯¸,»[ÀY½©ÑL¤å¤Æ¶é°Ï,°ªÅK¹Å¸q¯¸,,,
¹Å¸q¿¤¤½¨®³B,105,°ªÅK¹Å¸q¯¸¡÷¬G®c«n°|¡÷»[ÀY½©ÑL¤å¤Æ¶é°Ï,°ªÅK¹Å¸q¯¸,»[ÀY½©ÑL¤å¤Æ¶é°Ï,,,
¹Å¸q¿¤¤½¨®³B,106,°ªÅK¹Å¸q¯¸¡÷¬G®c«n°|¡÷¤¤¥¿¤j¾Ç¡÷¹Å¸q,°ªÅK¹Å¸q¯¸,¥xÅK¹Å¸q¯¸,,,
²ÎÁp«È¹B,1618,¹Å¸q¡÷¥x¥_[¤£°±¤¤´äÂà¹B¯¸¡BªL¤f¡B­«¶§¯¸],¹Å¸qÂà¹B¯¸,»O¥_Âà¹B¯¸,,,
²ÎÁp«È¹B,1638,ªF¥Û¡÷¦µ¤l¡÷¥x¥_,ªF¥Û,»O¥_Âà¹B¯¸,,,
²ÎÁp«È¹B,1638,¥x¥_¡÷¦µ¤l¡÷ªF¥Û,»O¥_Âà¹B¯¸,ªF¥Û,,,
¹Å¸q«È¹B,7201,¹Å¸q¡÷¥_´ä(¸g¤ë¬Ü¼æ)[¸g¹Å¸q¥«¾Ç°Ï],¹Å¸q,¥_´ä,,,
¹Å¸q«È¹B,7201,¥_´ä¡÷¹Å¸q(¸g¤ë¬Ü¼æ)[¸g¹Å¸q¥«¾Ç°Ï],¥_´ä,¹Å¸q,,,
¹Å¸q«È¹B,7202,¥_´ä¡÷¹Å¸q(¸g¥Á¶¯)[¸g¹Å¸q¥«°Ï],¥_´ä,¹Å¸q,,,
¹Å¸q«È¹B,7202,¹Å¸q¡÷¥_´ä(¸g¥Á¶¯)[¸g¹Å¸q¥«¾Ç°Ï],¹Å¸q,¥_´ä,,,
¹Å¸q«È¹B,7203,¹Å¸q¡÷¤g®w,¹Å¸q,¤g®w,,,
¹Å¸q«È¹B,7203,¤g®w¡÷¹Å¸q,¤g®w,¹Å¸q,,,
¹Å¸q«È¹B,7203,¤g®w¡÷¹Å¸q[¸g¹Å¸q¥«¾Ç°Ï],¤g®w,¹Å¸q,,,
¹Å¸q«È¹B,7204,¹Å¸q¡÷·Ë¤f,¹Å¸q,·Ë¤f,,,
¹Å¸q«È¹B,7204,¹Å¸q¡÷·Ë¤f[¸g¹Å¸q¥«¾Ç°Ï],¹Å¸q,·Ë¤f,,,
¹Å¸q«È¹B,7204,·Ë¤f¡÷¹Å¸q,·Ë¤f,¹Å¸q,,,
¹Å¸q«È¹B,7204,·Ë¤f¡÷¹Å¸q[¸g¹Å¸q¥«¾Ç°Ï],·Ë¤f,¹Å¸q,,,
¹Å¸q«È¹B,7205,¹Å¸q¡÷¦µ¤l(¸g¤Ó«O)[Â¶¾p¥Ã¼y°ª¤¤],¹Å¸q,¦µ¤l,,,
¹Å¸q«È¹B,7205,¹Å¸q¡÷¦µ¤l(¸g¤Ó«O)[¸g¹Å¸q¥«¾Ç°Ï],¹Å¸q,¦µ¤l,,,
¹Å¸q«È¹B,7205,¦µ¤l¡÷¹Å¸q(¸g¤Ó«O),¦µ¤l,¹Å¸q,,,
¹Å¸q«È¹B,7205,¦µ¤l¡÷¹Å¸q(¸g¤Ó«O)[¸g¹Å¸q¥«¾Ç°Ï],¦µ¤l,¹Å¸q,,,
¹Å¸q«È¹B,7206,¹Å¸q¡÷¶ó´ä,¹Å¸q,¶ó´ä,,,
¹Å¸q«È¹B,7206,¶ó´ä¡÷¹Å¸q,¶ó´ä,¹Å¸q,,,
¹Å¸q«È¹B,7206,¹Å¸q¡÷¶ó´ä[Â¶¾p¹Å¸q°ªÅK],¹Å¸q,¶ó´ä,,,
¹Å¸q«È¹B,7206,¶ó´ä¡÷¹Å¸q[Â¶¾p¹Å¸q°ªÅK],¶ó´ä,¹Å¸q,,,
¹Å¸q«È¹B,7207,¹Å¸q¡÷ÆQ¤ô(¸g¦Ë¤l¸}),¹Å¸q,ÆQ¤ô,,,
¹Å¸q«È¹B,7207,ÆQ¤ô¡÷¹Å¸q(¸g¦Ë¤l¸}),ÆQ¤ô,¹Å¸q,,,
¹Å¸q«È¹B,7208,¹Å¸q¡÷ÆQ¤ô(¸g­«¼d),¹Å¸q,ÆQ¤ô,,,
¹Å¸q«È¹B,7208,ÆQ¤ô¡÷¹Å¸q(¸g­«¼d),ÆQ¤ô,¹Å¸q,,,
¹Å¸q«È¹B,7208,¹Å¸q¡÷ÆQ¤ô(¸g­«¼d)[¸g¹Å¸q¥«¾Ç°Ï],¹Å¸q,ÆQ¤ô,,,
¹Å¸q«È¹B,7208,ÆQ¤ô¡÷¹Å¸q(¸g­«¼d)[¸g¹Å¸q¥«¾Ç°Ï],ÆQ¤ô,¹Å¸q,,,
¹Å¸q«È¹B,7211,¹Å¸q¤½¶é¡÷»OÅK¹Å¸q¯¸¡÷°ªÅK¹Å¸q¯¸¡÷¹Å¸q¿¤¥ßÅé¨|À],¹Å¸q¤½¶é,¹Å¸q¿¤¥ßÅé¨|À],,,
¹Å¸q«È¹B,7211,¹Å¸q¿¤¥ßÅé¨|À]¡÷°ªÅK¹Å¸q¯¸¡÷»OÅK¹Å¸q¯¸¡÷¹Å¸q¤½¶é,¹Å¸q¿¤¥ßÅé¨|À],¹Å¸q¤½¶é,,,
¹Å¸q«È¹B,7212,»OÅK¹Å¸q¯¸«á¯¸¡÷°ªÅK¹Å¸q¯¸,¥xÅK¹Å¸q«á¯¸,°ªÅK¹Å¸q¯¸,,,
¹Å¸q«È¹B,7213,¹Å¸q¡÷¾ðªLÀY(¸g³À¯ó),¹Å¸q,¾ðªLÀY,,,
¹Å¸q«È¹B,7213,¾ðªLÀY¡÷¹Å¸q(¸g³À¯ó),¾ðªLÀY,¹Å¸q,,,
¹Å¸q«È¹B,7214,¹Å¸q¡÷Ãö¤lÀ­,¹Å¸qÂà¹B¯¸,À­³»¤½¶é,,,
¹Å¸q«È¹B,7215,¹Å¸q¡÷æX¤ô,¹Å¸q,æX¤ô,,,
¹Å¸q«È¹B,7215,æX¤ô¡÷¹Å¸q,æX¤ô,¹Å¸q,,,
¹Å¸q«È¹B,7215,¹Å¸q¡÷æX¤ô[¸g¹Å¸q¥«¾Ç°Ï],¹Å¸q,æX¤ô,,,
¹Å¸q«È¹B,7215,æX¤ô¡÷¹Å¸q[¸g¹Å¸q¥«¾Ç°Ï],æX¤ô,¹Å¸q,,,
¹Å¸q«È¹B,7216,¹Å¸q¡÷Ä²¤f,¹Å¸q,Ä²¤f,,,
¹Å¸q«È¹B,7216,Ä²¤f¡÷¹Å¸q,Ä²¤f,¹Å¸q,,,
¹Å¸q«È¹B,7216,¹Å¸q¡÷Ä²¤f[¸g¹Å¸q¥«¾Ç°Ï],¹Å¸q,Ä²¤f,,,
¹Å¸q«È¹B,7216,Ä²¤f¡÷¹Å¸q[¸g¹Å¸q¥«¾Ç°Ï],Ä²¤f,¹Å¸q,,,
¹Å¸q«È¹B,7217,¹Å¸q¡÷»[ÀY,¹Å¸q,»[ÀY,,,
¹Å¸q«È¹B,7217,»[ÀY¡÷¹Å¸q,»[ÀY,¹Å¸q,,,
¹Å¸q«È¹B,7217,»[ÀY¡÷¹Å¸q[Â¶¾p§»¤¯¤k¤¤¨Ã¸g¹Å¸q¥«¾Ç°Ï],»[ÀY,¹Å¸q,,,
¹Å¸q«È¹B,7217,¹Å¸q¡÷»[ÀY[¸g¹Å¸q¥«¾Ç°Ï],¹Å¸q,»[ÀY,,,
¹Å¸q«È¹B,7225,¦µ¤l¡÷®ü®H¦a,¦µ¤l,¹A³õ,,,
¹Å¸q«È¹B,7225,®ü®H¦a¡÷¦µ¤l,¹A³õ,¦µ¤l,,,
¹Å¸q«È¹B,7226,¦µ¤l¡÷¥_´ä(¸gÂù·Ë¤f),¦µ¤l,¥_´ä,,,
¹Å¸q«È¹B,7226,¥_´ä¡÷¦µ¤l(¸gÂù·Ë¤f),¥_´ä,¦µ¤l,,,
¹Å¸q«È¹B,7227,¦µ¤l¡÷ºô¼d,¦µ¤l,ºô¼d,,,
¹Å¸q«È¹B,7227,ºô¼d¡÷¦µ¤l,ºô¼d,¦µ¤l,,,
¹Å¸q«È¹B,7228,¦µ¤l¡÷´äáY­í(¸g°ÆÃu),¦µ¤l,´äáY­í,,,
¹Å¸q«È¹B,7228,´äáY­í¡÷¦µ¤l(¸g°ÆÃu),´äáY­í,¦µ¤l,,,
¹Å¸q«È¹B,7231,¥_´ä¡÷¦µ¤l(¸g¤»¸}),¥_´ä,¦µ¤l,,,
¹Å¸q«È¹B,7231,¦µ¤l¡÷¥_´ä(¸g¤»¸}),¦µ¤l,¥_´ä,,,
¹Å¸q«È¹B,7231,¥_´ä¡÷¦µ¤l(¸g¤»¸})[©µ¾p¦Ü¥_´ä°ª¤¤],¥_´ä°ª¤¤,¦µ¤l,,,
¹Å¸q«È¹B,7231,¦µ¤l¡÷¥_´ä(¸g¤»¸})[©µ¾p¦Ü¥_´ä°ª¤¤],¦µ¤l,¥_´ä°ª¤¤,,,
¹Å¸q«È¹B,7233,¦µ¤l¡÷¶ó´ä,¦µ¤l,¶ó´ä,,,
¹Å¸q«È¹B,7233,¶ó´ä¡÷¦µ¤l,¶ó´ä,¦µ¤l,,,
¹Å¸q«È¹B,7234,¦µ¤l¡÷¥¬³U(¸g¹L·¾),¦µ¤l,¥¬³U´ä,,,
¹Å¸q«È¹B,7234,¥¬³U¡÷¦µ¤l(¸g¹L·¾),¥¬³U´ä,¦µ¤l,,,
¹Å¸q¿¤¤½¨®³B,7303,¹Å¸q¡÷ªø©°¬ö©ÀÂå°|(¸gÂù·Ë¤f),¤j¶®¯¸,ªø©°Âå°|2,,,
¹Å¸q¿¤¤½¨®³B,7303,ªø©°¬ö©ÀÂå°|¡÷¹Å¸q(¸gÂù·Ë¤f),ªø©°Âå°|2,¤j¶®¯¸,,,
¹Å¸q¿¤¤½¨®³B,7307,¥_´ä¡÷±ö¤s(¸g·¾­I),¥_´äÂí¤½©Ò,±ö¤s,,,
¹Å¸q¿¤¤½¨®³B,7307,±ö¤s¡÷¥_´ä(¸g·¾­I),±ö¤s,¥_´äÂí¤½©Ò,,,
¹Å¸q¿¤¤½¨®³B,7307,±ö¤s¡÷¥_´ä(¸g·¾­I)[Â¶¾p·OÀÙÂå°|],±ö¤s,¥_´äÂí¤½©Ò,,,
¹Å¸q¿¤¤½¨®³B,7307,¥_´ä¡÷±ö¤s(¸g·¾­I)[Â¶¾p·OÀÙÂå°|],¥_´äÂí¤½©Ò,±ö¤s,,,
¹Å¸q¿¤¤½¨®³B,7312,¹Å¸q¡÷·Ë¤ß¼d[Â¶¾p¹Å¸q¥«¾Ç°Ï],¤j¶®¯¸,·Ë¤ß¼d,,,
¹Å¸q¿¤¤½¨®³B,7319,¹Å¸q¡÷µf¸ô(¸g¤º®H)[Â¶¾p¶í¤U¼d¡B¹Å¸q¥«¾Ç°Ï],¤j¶®¯¸,µf¸ô,,,
¹Å¸q¿¤¤½¨®³B,7320,¹Å¸q¡÷Âù·Ë¤f(¸g·s°ñ),¤j¶®¯¸,Âù·Ë¤f,,,
¹Å¸q¿¤¤½¨®³B,7320,Âù·Ë¤f¡÷¹Å¸q(¸g·s°ñ),Âù·Ë¤f,¤j¶®¯¸,,,
¹Å¸q¿¤¤½¨®³B,7320,Âù·Ë¤f¡÷¹Å¸q(¸g·s°ñ)[Â¶¾p³Ò¤uªÀ°Ï¡B·s°ñ°ê¤p],Âù·Ë¤f,¤j¶®¯¸,,,
¹Å¸q¿¤¤½¨®³B,7320,¹Å¸q¡÷Âù·Ë¤f(¸g·s°ñ)[Â¶¾p³Ò¤uªÀ°Ï¡B·s°ñ°ê¤p],¤j¶®¯¸,Âù·Ë¤f,,,
¹Å¸q¿¤¤½¨®³B,7320,¹Å¸q¡÷Âù·Ë¤f(¸g·s°ñ)[Â¶¾p¹Å¸q°ª¤u],¤j¶®¯¸,Âù·Ë¤f,,,
¹Å¸q¿¤¤½¨®³B,7320,Âù·Ë¤f¡÷¹Å¸q(¸g·s°ñ)[Â¶¾p¹Å¸q°ª¤u],Âù·Ë¤f,¤j¶®¯¸,,,
¹Å¸q¿¤¤½¨®³B,7321,¹Å¸q¡÷ªQ¸}[Â¶¾p¹Å¸q¥«¾Ç°Ï],¤j¶®¯¸,ªü©Þ¬u,,,
¹Å¸q¿¤¤½¨®³B,7323,¹Å¸q¡÷±ö¤s(¸g¦Ë±T)[Â¶¾p¹Å¸q¥«¾Ç°Ï],¤j¶®¯¸,±ö¤s,,,
¹Å¸q¿¤¤½¨®³B,7324,¹Å¸q¡÷¦µ¤l(¸g¤ô¤W),¤j¶®¯¸,¦µ¤l,,,
¹Å¸q¿¤¤½¨®³B,7324,¹Å¸q¡÷¦µ¤l{¸g¤ô¤W)[¸g°ªÅK¡B½_¦¿¡Bªø©°],¤j¶®¯¸,¦µ¤l,,,
¹Å¸q¿¤¤½¨®³B,7324,¦µ¤l¡÷¹Å¸q(¸g¤ô¤W)[¸g½_¦¿¡Bªø©°],¦µ¤l,¤j¶®¯¸,,,
¹Å¸q¿¤¤½¨®³B,7324,¹Å¸q¡÷¦µ¤l(¸g¤ô¤W)[¸g½_¦¿],¤j¶®¯¸,¦µ¤l,,,
¹Å¸q¿¤¤½¨®³B,7324,¹Å¸q¡÷¦µ¤l(¸g¤ô¤W)[¸g°ªÅK],¤j¶®¯¸,¦µ¤l,,,
¹Å¸q¿¤¤½¨®³B,7324,¦µ¤l¡÷¹Å¸q(¸g¤ô¤W)[¸g°ªÅK],¦µ¤l,¤j¶®¯¸,,,
¹Å¸q¿¤¤½¨®³B,7324,¦µ¤l¡÷¹Å¸q(¸g¤ô¤W),¦µ¤l,¤j¶®¯¸,,,
¹Å¸q¿¤¤½¨®³B,7324,¦µ¤l¡÷¹Å¸q(¸g¤ô¤W)[Â¶¾p¹Å¸q°ª¤u],¦µ¤l,¤j¶®¯¸,,,
¹Å¸q¿¤¤½¨®³B,7325,¹Å¸q¡÷¥_´ä,¤j¶®¯¸,¥_´äÂí¤½©Ò,,,
¹Å¸q¿¤¤½¨®³B,7325,¥_´ä¡÷¹Å¸q,¥_´äÂí¤½©Ò,¤j¶®¯¸,,,
¹Å¸q¿¤¤½¨®³B,7325,¹Å¸q¡÷¥_´ä[Â¶¾p¹Å¸q°ª¤u],¤j¶®¯¸,¥_´äÂí¤½©Ò,,,
¹Å¸q¿¤¤½¨®³B,7325,¥_´ä¡÷¹Å¸q[Â¶¾p¹Å¸q°ª¤u],¥_´äÂí¤½©Ò,¤j¶®¯¸,,,
¹Å¸q¿¤¤½¨®³B,7326,¦µ¤l¡÷¹Å¸q(¸gÂù·Ë¤f),¦µ¤l°ê¤¤,¤j¶®¯¸,,,
¹Å¸q¿¤¤½¨®³B,7326,¹Å¸q¡÷¦µ¤l(¸gÂù·Ë¤f),¤j¶®¯¸,¦µ¤l°ê¤¤,,,
¹Å¸q¿¤¤½¨®³B,7327,¹Å¸q¡÷¥¬³U(¸g¦µ¤l)[©µ¾p¦Ü¥¬³U¹C«È¤¤¤ß],¤j¶®¯¸,¥¬³U¹C«È¤¤¤ß,,,
¹Å¸q¿¤¤½¨®³B,7327,¹Å¸q¡÷¥¬³U(¸g¦µ¤l)[¸g°ªÅK¡B½_¦¿¡Bªø©°¡B©µ¾p¦Ü¥¬³U¹C«È¤¤¤ß],¤j¶®¯¸,¥¬³U¹C«È¤¤¤ß,,,
¹Å¸q¿¤¤½¨®³B,7327,¹Å¸q¡÷¥¬³U(¸g¦µ¤l)[¸g°ªÅK¡B½_¦¿],¤j¶®¯¸,¥¬³U,,,
¹Å¸q¿¤¤½¨®³B,7327,¹Å¸q¡÷¥¬³U(¸g¦µ¤l)[¸g½_¦¿¡B©µ¾p¦Ü¥¬³U¹C«È¤¤¤ß],¤j¶®¯¸,¥¬³U,,,
¹Å¸q¿¤¤½¨®³B,7327,¹Å¸q¡÷¥¬³U(¸g¦µ¤l)[¸g°ªÅK],¤j¶®¯¸,¥¬³U,,,
¹Å¸q¿¤¤½¨®³B,7327,¹Å¸q¡÷¥¬³U(¸g¦µ¤l)[¸g°ªÅK¡B©µ¾p¦Ü¥¬³U¹C«È¤¤¤ß],¤j¶®¯¸,¥¬³U¹C«È¤¤¤ß,,,
¹Å¸q¿¤¤½¨®³B,7327,¹Å¸q¡÷¥¬³U(¸g¦µ¤l),¤j¶®¯¸,¥¬³U,,,
¹Å¸q¿¤¤½¨®³B,7327,¹Å¸q¡÷¥¬³U(¸g¦µ¤l)[¸g¥¬³U¹C«È¤¤¤ß¡B©µ¾p·s¶ó],¤j¶®¯¸,·s¶ó,,,
¹Å¸q¿¤¤½¨®³B,7327,¹Å¸q¡÷¥¬³U(¸g¦µ¤l)[Â¶¾p¹Å¸q¥«¾Ç°Ï¡F©¹µ{¸g½_¦¿¡B°ªÅK],¤j¶®¯¸,¥¬³U,,,
¹Å¸q¿¤¤½¨®³B,7327,¹Å¸q¡÷¥¬³U(¸g¦µ¤l)[¸g°ªÅK¡B¥¬³U¹C«È¤¤¤ß¡B©µ¾p·s¶ó],¤j¶®¯¸,·s¶ó,,,
¹Å¸q¿¤¤½¨®³B,7327,¹Å¸q¡÷¥¬³U(¸g¦µ¤l)[©µ¾p¦Ü¥¬³U¹C«È¤¤¤ß],¤j¶®¯¸,¥¬³U¹C«È¤¤¤ß,,,
¹Å¸q¿¤¤½¨®³B,7327,¥¬³U¡÷¹Å¸q(¸g¦µ¤l),¥¬³U,¤j¶®¯¸,,,
¹Å¸q¿¤¤½¨®³B,7327,¹Å¸q¡÷¥¬³U(¸g¦µ¤l)[¸g°ªÅK¡B½_¦¿¡Bªø©°¡B©µ¾p¦Ü¥¬³U¹C«È¤¤¤ß],¤j¶®¯¸,¥¬³U¹C«È¤¤¤ß,,,
¹Å¸q¿¤¤½¨®³B,7327,¥¬³U¡÷¹Å¸q(¸g¦µ¤l)[¸g°ªÅK¡B½_¦¿¡Bªø©°¡B©µ¾p¦Ü¥¬³U¹C«È¤¤¤ß],¥¬³U¹C«È¤¤¤ß,¤j¶®¯¸,,,
¹Å¸q¿¤¤½¨®³B,7327,¹Å¸q¡÷¥¬³U(¸g¦µ¤l)[¸g°ªÅK¡B½_¦¿],¤j¶®¯¸,¥¬³U,,,
¹Å¸q¿¤¤½¨®³B,7327,¹Å¸q¡÷¥¬³U(¸g¦µ¤l)[¸g½_¦¿¡B©µ¾p¦Ü¥¬³U¹C«È¤¤¤ß],¤j¶®¯¸,¥¬³U,,,
¹Å¸q¿¤¤½¨®³B,7327,¹Å¸q¡÷¥¬³U(¸g¦µ¤l)[¸g°ªÅK],¤j¶®¯¸,¥¬³U,,,
¹Å¸q¿¤¤½¨®³B,7327,¥¬³U¡÷¹Å¸q(¸g¦µ¤l)[¸g°ªÅK],¥¬³U,¤j¶®¯¸,,,
¹Å¸q¿¤¤½¨®³B,7327,¹Å¸q¡÷¥¬³U(¸g¦µ¤l)[¸g°ªÅK¡B©µ¾p¦Ü¥¬³U¹C«È¤¤¤ß],¤j¶®¯¸,¥¬³U¹C«È¤¤¤ß,,,
¹Å¸q¿¤¤½¨®³B,7327,¥¬³U¡÷¹Å¸q(¸g¦µ¤l)[¸g°ªÅK¡B©µ¾p¦Ü¥¬³U¹C«È¤¤¤ß],¥¬³U¹C«È¤¤¤ß,¤j¶®¯¸,,,
¹Å¸q¿¤¤½¨®³B,7327,¹Å¸q¡÷¥¬³U(¸g¦µ¤l),¤j¶®¯¸,¥¬³U,,,
¹Å¸q¿¤¤½¨®³B,7327,¹Å¸q¡÷¥¬³U(¸g¦µ¤l)[¸g¥¬³U¹C«È¤¤¤ß¡B©µ¾p·s¶ó],¤j¶®¯¸,·s¶ó,,,
¹Å¸q¿¤¤½¨®³B,7327,¹Å¸q¡÷¥¬³U(¸g¦µ¤l)[Â¶¾p¹Å¸q¥«¾Ç°Ï¡F©¹µ{¸g½_¦¿¡B°ªÅK],¤j¶®¯¸,¥¬³U,,,
¹Å¸q¿¤¤½¨®³B,7327,¥¬³U¡÷¹Å¸q(¸g¦µ¤l)[Â¶¾p¹Å¸q¥«¾Ç°Ï¡F©¹µ{¸g½_¦¿¡B°ªÅK],¥¬³U,¤j¶®¯¸,,,
¹Å¸q¿¤¤½¨®³B,7327,¹Å¸q¡÷¥¬³U(¸g¦µ¤l)[¸g°ªÅK¡B¥¬³U¹C«È¤¤¤ß¡B©µ¾p·s¶ó],¤j¶®¯¸,·s¶ó,,,
¹Å¸q¿¤¤½¨®³B,7327,¥¬³U¡÷¹Å¸q(¸g¦µ¤l)[¸g°ªÅK¡B¥¬³U¹C«È¤¤¤ß¡B©µ¾p·s¶ó],·s¶ó,¤j¶®¯¸,,,
¹Å¸q¿¤¤½¨®³B,7327,¥¬³U¡÷¹Å¸q(¸g¦µ¤l)[¸g°ªÅK¡Bªø©°¡B½_¦¿¡B¥¬³U¹C«È¤¤¤ß¡B©µ¾p·s¶ó],·s¶ó,¤j¶®¯¸,,,
¹Å¸q«È¹B,7700,¹Å¸q¡÷¤æ¤»ÁpÀç½u,¹Å¸q,¤æ¤»,,,
»O¦è«È¹B,7700,¹Å¸q¡÷¤æ¤»ÁpÀç½u,¹Å¸q,¤æ¤»,,,
¹Å¸q«È¹B,7700,¹Å¸q¡÷¤æ¤»ÁpÀç½u,¹Å¸q,¤æ¤»,,,
¹Å¸q«È¹B,7700,¤æ¤»ÁpÀç½u¡÷¹Å¸q,¤æ¤»,¹Å¸q,,,
»O¦è«È¹B,7700,¹Å¸q¡÷¤æ¤»ÁpÀç½u,¹Å¸q,¤æ¤»,,,
»O¦è«È¹B,7700,¤æ¤»ÁpÀç½u¡÷¹Å¸q,¤æ¤»,¹Å¸q,,,
¹Å¸q«È¹B,7701,¹Å¸q¡÷³Á¼dÁpÀç½u,¹Å¸q,³Á¼d,,,
»O¦è«È¹B,7701,¹Å¸q¡÷³Á¼dÁpÀç½u,¹Å¸q,³Á¼d,,,
¹Å¸q«È¹B,7701,¹Å¸q¡÷³Á¼dÁpÀç½u,¹Å¸q,³Á¼d,,,
¹Å¸q«È¹B,7701,³Á¼dÁpÀç½u¡÷¹Å¸q,³Á¼d,¹Å¸q,,,
»O¦è«È¹B,7701,¹Å¸q¡÷³Á¼dÁpÀç½u,¹Å¸q,³Á¼d,,,
»O¦è«È¹B,7701,³Á¼dÁpÀç½u¡÷¹Å¸q,³Á¼d,¹Å¸q,,,
ªü¨½¤s«È¹B¹Å¸q¤À¤½¥q,0166 ,°ªÅK¹Å¸q¯¸¡÷ÆQ¤ô,°ªÅK¹Å¸q¯¸,ÆQ¤ô,,,
ªü¨½¤s«È¹B¹Å¸q¤À¤½¥q,0166 ,ÆQ¤ô¡÷°ªÅK¹Å¸q¯¸,ÆQ¤ô,¬G®c«n°|,,,
ªü¨½¤s«È¹B¹Å¸q¤À¤½¥q,0168 ,°ªÅK¹Å¸q¯¸¡÷¥¬³U°ª¸ò¾c±Ð°ó,°ªÅK¹Å¸q¯¸,°ª¸ò¾c±Ð°ó,,,
ªü¨½¤s«È¹B¹Å¸q¤À¤½¥q,0168 ,¥¬³U°ª¸ò¾c±Ð°ó¡÷°ªÅK¹Å¸q¯¸,°ª¸ò¾c±Ð°ó,¬G®c«n°|,,,
ªü¨½¤s«È¹B¹Å¸q¤À¤½¥q,0168 ,°ªÅK¹Å¸q¯¸¡÷¥¬³U°Ó´ä,°ªÅK¹Å¸q¯¸,¥¬³U°Ó´ä,,,
ªü¨½¤s«È¹B¹Å¸q¤À¤½¥q,0168 ,¥¬³U°Ó´ä¡÷°ªÅK¹Å¸q¯¸,¥¬³U°Ó´ä,¬G®c«n°|,,,
ªü¨½¤s«È¹B¹Å¸q¤À¤½¥q,0168 ,¥¬³U¡÷¥_ªù¹C«È¤¤¤ß,°ª¸ò¾c±Ð°ó,,,,
ªü¨½¤s«È¹B¹Å¸q¤À¤½¥q,0168 ,¥_ªù¹C«È¤¤¤ß¡÷¥¬³U,,°ª¸ò¾c±Ð°ó,,,
¹Å¸q¿¤¤½¨®³B,101 ,¹Å¸q¡÷¶í¿³§ø,¤j¶®¯¸,³»©W,,,
¹Å¸q¿¤¤½¨®³B,101 ,¹Å¸q-¶í¿³§ø[Â¶®ç¤l±×],¤j¶®¯¸,³»©W,,,
¹Å¸q¿¤¤½¨®³B,101 ,¹Å¸q¡÷¶í¿³§ø,¤j¶®¯¸,³»©W,,,
¹Å¸q¿¤¤½¨®³B,101 ,¶í¿³§ø¡÷¹Å¸q,³»©W,¤j¶®¯¸,,,
¹Å¸q¿¤¤½¨®³B,101 ,¹Å¸q-¶í¿³§ø[Â¶®ç¤l±×],¤j¶®¯¸,³»©W,,,
¹Å¸q¿¤¤½¨®³B,101 ,¶í¿³§ø-¹Å¸q[Â¶®ç¤l±×],³»©W,¤j¶®¯¸,,,
¹Å¸q¿¤¤½¨®³B,102 ,¹Å¸q¡÷ªQ¥J¸}[¸g°ñ¨¤],¤j¶®¯¸,ªQ¥J¸},,,
¹Å¸q¿¤¤½¨®³B,102 ,¹Å¸q¡÷ªQ¥J¸}[¸g°ñ¨¤ Â¶¾Ç°Ï],¤j¶®¯¸,ªQ¥J¸},,,
¹Å¸q¿¤¤½¨®³B,102 ,¹Å¸q¡÷ªQ¥J¸}[¸g°ñ¨¤],¤j¶®¯¸,ªQ¥J¸},,,
¹Å¸q¿¤¤½¨®³B,102 ,ªQ¥J¸}¡÷¹Å¸q[¸g°ñ¨¤],ªQ¥J¸},¤j¶®¯¸,,,
¹Å¸q¿¤¤½¨®³B,102 ,¹Å¸q¡÷ªQ¥J¸}[¸g°ñ¨¤ Â¶¾Ç°Ï],¤j¶®¯¸,ªQ¥J¸},,,
¹Å¸q¿¤¤½¨®³B,102 ,ªQ¥J¸}¡÷¹Å¸q[¸g°ñ¨¤ Â¶¾Ç°Ï],ªQ¥J¸},¤j¶®¯¸,,,
¹Å¸q¿¤¤½¨®³B,106 ,¹Å¸q¡÷¤¤¥¿¤j¾Ç¡÷¬G®c«n°|¡÷°ªÅK¹Å¸q¯¸,¥xÅK¹Å¸q¯¸,°ªÅK¹Å¸q¯¸,,,
¹Å¸q¿¤¤½¨®³B,106 ,¹Å¸q¡÷¤¤¥¿¤j¾Ç¡÷¬G®c«n°|¡÷°ªÅK¹Å¸q¯¸,¥xÅK¹Å¸q¯¸,°ªÅK¹Å¸q¯¸,,,
²ÎÁp«È¹B,1618 ,¹Å¸q¡÷¥x¥_,¹Å¸qÂà¹B¯¸,»O¥_Âà¹B¯¸,,,
­ûªL«È¹B,6880 ,¹Å¸q¡÷¦èÁ³,¹Å¸q¥«¥ý´Á¥æ³qÂà¹B¤¤¤ß,¦èÁ³¯¸,,,
­ûªL«È¹B,6880 ,¹Å¸q¡÷¦èÁ³,¹Å¸q¥«¥ý´Á¥æ³qÂà¹B¤¤¤ß,¦èÁ³¯¸,,,
­ûªL«È¹B,6880 ,¦èÁ³¡÷¹Å¸q,¦èÁ³¯¸,¹Å¸q¥«¥ý´Á¥æ³qÂà¹B¤¤¤ß,,,
»O¦è«È¹B,7125 ,¤æ¤»¡÷±ö¤s(¸gªF©M),¤æ¤»,±ö¤s,,,
»O¦è«È¹B,7125 ,±ö¤s¡÷¤æ¤»(¸gªF©M),±ö¤s,¤æ¤»,,,
»O¦è«È¹B,7125 ,¤æ¤»¡÷±ö¤s(¸gªF©M)[¤£Â¶¾p¦¨¤jÂå°|],¤æ¤»,±ö¤s,,,
»O¦è«È¹B,7125 ,±ö¤s¡÷¤æ¤»(¸gªF©M)[¤£Â¶¾p¦¨¤jÂå°|],±ö¤s,¤æ¤»,,,
»O¦è«È¹B,7126 ,¤æ¤»¡÷±ö¤s(¸g±[®p),¤æ¤»,±ö¤s,,,
»O¦è«È¹B,7126 ,±ö¤s¡÷¤æ¤»(¸g±[®p),±ö¤s,¤æ¤»,,,
»O¦è«È¹B,7135 ,±ö¤s¡÷¤¤§|¡÷¤jªL,±ö¤s,¤jªL«á¤õ¨®¯¸,,,
»O¦è«È¹B,7135 ,¤jªL¡÷¤¤§|¡÷±ö¤s,¤jªL«á¤õ¨®¯¸,±ö¤s,,,
¹Å¸q«È¹B,7201 ,¹Å¸q¡÷¥_´ä(¸g¤ë¬Ü¼æ),¹Å¸q,¥_´ä,,,
¹Å¸q«È¹B,7201 ,¹Å¸q¡÷¥_´ä(¸g¤ë¬Ü¼æ),¹Å¸q,¥_´ä,,,
¹Å¸q«È¹B,7201 ,¥_´ä¡÷¹Å¸q(¸g¤ë¬Ü¼æ),¥_´ä,¹Å¸q,,,
¹Å¸q«È¹B,7202 ,¹Å¸q¡÷¥_´ä(¸g¥Á¶¯),¹Å¸q,¥_´ä,,,
¹Å¸q«È¹B,7202 ,¹Å¸q¡÷¥_´ä(¸g¥Á¶¯),¹Å¸q,¥_´ä,,,
¹Å¸q«È¹B,7202 ,¥_´ä¡÷¹Å¸q(¸g¥Á¶¯),¥_´ä,¹Å¸q,,,
¹Å¸q«È¹B,7205 ,¹Å¸q¡÷¦µ¤l(¸g¤Ó«O)[Â¶¾p¹Å¸q°ªÅK],¹Å¸q,¦µ¤l,,,
¹Å¸q«È¹B,7205 ,¹Å¸q¡÷¦µ¤l(¸g¤Ó«O),¹Å¸q,¦µ¤l,,,
¹Å¸q«È¹B,7205 ,¹Å¸q¡÷¦µ¤l(¸g¤Ó«O)[Â¶¾p¹Å¸q°ªÅK],¹Å¸q,¦µ¤l,,,
¹Å¸q«È¹B,7205 ,¦µ¤l¡÷¹Å¸q(¸g¤Ó«O)[Â¶¾p¹Å¸q°ªÅK],¦µ¤l,¹Å¸q,,,
¹Å¸q«È¹B,7205 ,¹Å¸q¡÷¦µ¤l(¸g¤Ó«O),¹Å¸q,¦µ¤l,,,
¹Å¸q«È¹B,7209 ,¹Å¸q¡÷¥¬³U(¸g¦µ¤l),¹Å¸q,¥¬³U´ä,,,
¹Å¸q«È¹B,7209 ,¹Å¸q¡÷¥¬³U[¸g¦µ¤l][Â¶¾p¹Å¸q°ªÅK],¹Å¸q,¥¬³U´ä,,,
¹Å¸q«È¹B,7209 ,¹Å¸q¡÷¥¬³U[¸g¦µ¤l][¸g°ªÅK¡B©µ¾p¦Ü¥¬³U°Ó´ä],¹Å¸q,¥¬³U°Ó´ä,,,
¹Å¸q«È¹B,7209 ,¹Å¸q¡÷¥¬³U(¸g¦µ¤l),¹Å¸q,¥¬³U´ä,,,
¹Å¸q«È¹B,7209 ,¥¬³U¡÷¹Å¸q(¸g¦µ¤l),¥¬³U´ä,¹Å¸q,,,
¹Å¸q«È¹B,7209 ,¹Å¸q¡÷¥¬³U[¸g¦µ¤l][Â¶¾p¹Å¸q°ªÅK],¹Å¸q,¥¬³U´ä,,,
¹Å¸q«È¹B,7209 ,¥¬³U¡÷¹Å¸q(¸g¦µ¤l)[Â¶¾p¹Å¸q°ªÅK],¥¬³U´ä,¹Å¸q,,,
¹Å¸q«È¹B,7209 ,¥¬³U¢w¹Å¸q(¸g¦µ¤l)[¸g¥Ã¼y°ª¤¤],¥¬³U´ä,¹Å¸q,,,
¹Å¸q«È¹B,7209 ,¹Å¸q¡÷¥¬³U[¸g¦µ¤l][¸g°ªÅK¡B©µ¾p¦Ü¥¬³U°Ó´ä],¹Å¸q,¥¬³U°Ó´ä,,,
¹Å¸q«È¹B,7209 ,¥¬³U¡÷¹Å¸q[¸g¦µ¤l][©µ¾p¦Ü¥¬³U°Ó´ä],¥¬³U°Ó´ä,¹Å¸q,,,
¹Å¸q«È¹B,7210 ,¹Å¸q¡÷¥Õªe(¸g¤º¨¤),¹Å¸qÂà¹B¯¸,¥Õªe,,,
¹Å¸q«È¹B,7210 ,¹Å¸q¡÷¥Õªe(¸g¤º¨¤)[Â¶¾p¹Å¸q°ª¤u¡B¥ß¤¯°ª¤¤],¹Å¸qÂà¹B¯¸,¥Õªe,,,
¹Å¸q«È¹B,7210 ,¹Å¸q¡÷¥Õªe(¸g¤º¨¤)[¸g¹Å¸q¥«¾Ç°Ï],¹Å¸qÂà¹B¯¸,¥Õªe,,,
¹Å¸q«È¹B,7210 ,¹Å¸q¡÷¥Õªe(¸g¤º¨¤),¹Å¸qÂà¹B¯¸,¥Õªe,,,
¹Å¸q«È¹B,7210 ,¥Õªe¡÷¹Å¸q(¸g¤º¨¤),¥Õªe,¹Å¸qÂà¹B¯¸,,,
¹Å¸q«È¹B,7210 ,¹Å¸q¡÷¥Õªe(¸g¤º¨¤)[Â¶¾p¹Å¸q°ª¤u¡B¥ß¤¯°ª¤¤],¹Å¸qÂà¹B¯¸,¥Õªe,,,
¹Å¸q«È¹B,7210 ,¥Õªe¡÷¹Å¸q(¸g¤º¨¤)[Â¶¾p¹Å¸q°ª¤u¡B¥ß¤¯°ª¤¤],¥Õªe,¹Å¸qÂà¹B¯¸,,,
¹Å¸q«È¹B,7210 ,¹Å¸q¡÷¥Õªe(¸g¤º¨¤)[¸g¹Å¸q¥«¾Ç°Ï],¹Å¸qÂà¹B¯¸,¥Õªe,,,
¹Å¸q«È¹B,7210 ,¥Õªe¡÷¹Å¸q(¸g¤º¨¤)[¸g¹Å¸q¥«¾Ç°Ï],¥Õªe,¹Å¸qÂà¹B¯¸,,,
¹Å¸q«È¹B,7214 ,Ãö¤lÀ­¡÷¹Å¸q,À­³»¤½¶é,¹Å¸qÂà¹B¯¸,,,
¹Å¸q«È¹B,7229 ,¹Å¸q¡÷¬hÀç©_¬üÂå°|,¹Å¸q,¬hÀç©_¬üÂå°|,,,
¹Å¸q«È¹B,7229 ,¹Å¸q¡÷¬hÀç©_¬üÂå°|,¹Å¸q,¬hÀç©_¬üÂå°|,,,
¹Å¸q«È¹B,7229 ,¬hÀç©_¬üÂå°|¡÷¹Å¸q,¬hÀç©_¬üÂå°|,¹Å¸q,,,
¹Å¸q«È¹B,7235 ,¥_´ä¡÷°ªÅK¹Å¸q¯¸(¸g¬G®c«n°|),¥_´ä,°ªÅK¹Å¸q¯¸,,,
¹Å¸q«È¹B,7235 ,°ªÅK¹Å¸q¯¸¡÷¥_´ä(¸g¬G®c«n°|),°ªÅK¹Å¸q¯¸,¥_´ä,,,
¹Å¸q¿¤¤½¨®³B,7301 ,¹Å¸q¡÷¤j®H¡÷¹Å¸q¹A³õ,¤j¶®¯¸,¹Å¸q¹A³õ,,,
¹Å¸q¿¤¤½¨®³B,7301 ,¹Å¸q¡÷¤j®H¡÷¹Å¸q¹A³õ[§ï¾p¤j®H¥~Àô¹D¸ô],¤j¶®¯¸,¹Å¸q¹A³õ,,,
¹Å¸q¿¤¤½¨®³B,7301 ,¹Å¸q¡÷¤j®H¡÷¹Å¸q¹A³õ,¤j¶®¯¸,¹Å¸q¹A³õ,,,
¹Å¸q¿¤¤½¨®³B,7301 ,¹Å¸q¹A³õ¡÷¤j®H¡÷¹Å¸q,¹Å¸q¹A³õ,¤j¶®¯¸,,,
¹Å¸q¿¤¤½¨®³B,7301 ,¹Å¸q¡÷¤j®H¡÷¹Å¸q¹A³õ[§ï¾p¤j®H¥~Àô¹D¸ô],¤j¶®¯¸,¹Å¸q¹A³õ,,,
¹Å¸q¿¤¤½¨®³B,7301 ,¹Å¸q¹A³õ¡÷¤j®H¡÷¹Å¸q[§ï¾p¤j®H¥~Àô¹D¸ô],¹Å¸q¹A³õ,¤j¶®¯¸,,,
¹Å¸q¿¤¤½¨®³B,7302 ,¹Å¸q¡÷¾Ä°_´ò,¤j¶®¯¸,¾Ä°_´ò²×ÂI¯¸,,,
¹Å¸q¿¤¤½¨®³B,7302 ,¹Å¸q¡÷¾Ä°_´ò,¤j¶®¯¸,¾Ä°_´ò²×ÂI¯¸,,,
¹Å¸q¿¤¤½¨®³B,7302 ,¾Ä°_´ò¡÷¹Å¸q,¾Ä°_´ò²×ÂI¯¸,¤j¶®¯¸,,,
¹Å¸q¿¤¤½¨®³B,7304 ,¹Å¸q¡÷±ö¤s(¸g¤jªL),¤j¶®¯¸,±ö¤s,,,
¹Å¸q¿¤¤½¨®³B,7304 ,¹Å¸q¡÷±ö¤s(¸g¤jªL)[Â¶¾p·OÀÙÂå°|],¤j¶®¯¸,±ö¤s,,,
¹Å¸q¿¤¤½¨®³B,7304 ,¹Å¸q¡÷±ö¤s(¸g¤jªL)[Â¶¾p¹Å¸q¥«¾Ç°Ï],µØ«n°ÓÂ¾,±ö¤s,,,
¹Å¸q¿¤¤½¨®³B,7304 ,¹Å¸q¡÷±ö¤s(¸g¤jªL),¤j¶®¯¸,±ö¤s,,,
¹Å¸q¿¤¤½¨®³B,7304 ,±ö¤s¡÷¹Å¸q(¸g¤jªL),±ö¤s,¤j¶®¯¸,,,
¹Å¸q¿¤¤½¨®³B,7304 ,±ö¤s¡÷¹Å¸q(¸g¤jªL)[Â¶¾p·OÀÙÂå°|],±ö¤s,¤j¶®¯¸,,,
¹Å¸q¿¤¤½¨®³B,7304 ,¹Å¸q¡÷±ö¤s(¸g¤jªL)[Â¶¾p·OÀÙÂå°|],¤j¶®¯¸,±ö¤s,,,
¹Å¸q¿¤¤½¨®³B,7304 ,¹Å¸q¡÷±ö¤s(¸g¤jªL)[Â¶¾p¹Å¸q¥«¾Ç°Ï],µØ«n°ÓÂ¾,±ö¤s,,,
¹Å¸q¿¤¤½¨®³B,7304 ,±ö¤s¡÷¹Å¸q(¸g¤jªL)[Â¶¾p¹Å¸q¥«¾Ç°Ï],±ö¤s,¤j¶®¯¸,,,
¹Å¸q¿¤¤½¨®³B,7305 ,¹Å¸q¡÷Âb·}¦v,¤j¶®¯¸,´_­ì²ø,,,
¹Å¸q¿¤¤½¨®³B,7305 ,¹Å¸q¡÷Âb·}¦v,¤j¶®¯¸,´_­ì²ø,,,
¹Å¸q¿¤¤½¨®³B,7305 ,Âb·}¦v¡÷¹Å¸q,´_­ì²ø,¤j¶®¯¸,,,
¹Å¸q¿¤¤½¨®³B,7305 ,Âb·}¦v¡÷¹Å¸q[Â¶¾p¹Å¸q¥«¾Ç°Ï],´_­ì²ø,¤j¶®¯¸,,,
¹Å¸q¿¤¤½¨®³B,7306 ,±ö¤s¡÷¥Á¶¯(¸gÂù·Ë),±ö¤s,¥Á¶¯°ê¤¤,,,
¹Å¸q¿¤¤½¨®³B,7306 ,¥Á¶¯¡÷±ö¤s(¸gÂù·Ë),¥Á¶¯°ê¤¤,±ö¤s,,,
¹Å¸q¿¤¤½¨®³B,7308 ,¹Å¸q¡÷¥b¤Ñ©¥,¤j¶®¯¸,¥b¤Ñ©¥,,,
¹Å¸q¿¤¤½¨®³B,7308 ,¹Å¸q¡÷¥b¤Ñ©¥,¤j¶®¯¸,¥b¤Ñ©¥,,,
¹Å¸q¿¤¤½¨®³B,7308 ,¥b¤Ñ©¥¡÷¹Å¸q,¥b¤Ñ©¥,¤j¶®¯¸,,,
¹Å¸q¿¤¤½¨®³B,7309 ,¹Å¸q¡÷¤¤¥¿¤j¾Ç,¤j¶®¯¸,¤¤¥¿¤j¾Ç«áªù,,,
¹Å¸q¿¤¤½¨®³B,7309 ,¹Å¸q¡÷¤¤¥¿¤j¾Ç[©µ¾p«nµØ¤j¾Ç],¤j¶®¯¸,«nµØ¤j¾Ç,,,
¹Å¸q¿¤¤½¨®³B,7309 ,¹Å¸q¡÷¤¤¥¿¤j¾Ç,¤j¶®¯¸,¤¤¥¿¤j¾Ç«áªù,,,
¹Å¸q¿¤¤½¨®³B,7309 ,¤¤¥¿¤j¾Ç¡÷¹Å¸q,¤¤¥¿¤j¾Ç«áªù,¤j¶®¯¸,,,
¹Å¸q¿¤¤½¨®³B,7309 ,¹Å¸q¡÷¤¤¥¿¤j¾Ç[©µ¾p«nµØ¤j¾Ç],¤j¶®¯¸,«nµØ¤j¾Ç,,,
¹Å¸q¿¤¤½¨®³B,7309 ,¤¤¥¿¤j¾Ç¡÷¹Å¸q[©µ¾p«nµØ¤j¾Ç],«nµØ¤j¾Ç,¤j¶®¯¸,,,
¹Å¸q¿¤¤½¨®³B,7311 ,¹Å¸q¡÷®H§À,¤j¶®¯¸,®H§À,,,
¹Å¸q¿¤¤½¨®³B,7311 ,¹Å¸q¡÷®H§À[Â¶¾p¥b¤Ñ©¥],¤j¶®¯¸,®H§À,,,
¹Å¸q¿¤¤½¨®³B,7311 ,®H§À¡÷¹Å¸q,®H§À,¤j¶®¯¸,,,
¹Å¸q¿¤¤½¨®³B,7311 ,¹Å¸q¡÷®H§À,¤j¶®¯¸,®H§À,,,
¹Å¸q¿¤¤½¨®³B,7311 ,¹Å¸q¡÷®H§À[Â¶¾p¥b¤Ñ©¥],¤j¶®¯¸,®H§À,,,
¹Å¸q¿¤¤½¨®³B,7312 ,¹Å¸q¡÷·Ë¤ß¼d,¤j¶®¯¸,·Ë¤ß¼d,,,
¹Å¸q¿¤¤½¨®³B,7312 ,·Ë¤ß¼d¡÷¹Å¸q,·Ë¤ß¼d,¤j¶®¯¸,,,
¹Å¸q¿¤¤½¨®³B,7312 ,¹Å¸q¡÷·Ë¤ß¼d,¤j¶®¯¸,·Ë¤ß¼d,,,
¹Å¸q¿¤¤½¨®³B,7312 ,·Ë¤ß¼d¡÷¹Å¸q[Â¶¾p¹Å¸q¥«¾Ç°Ï],·Ë¤ß¼d,¤j¶®¯¸,,,
¹Å¸q¿¤¤½¨®³B,7313 ,¹Å¸q¡÷·Ë¤ß¼d(¸gªQ¸}),¤j¶®¯¸,·Ë¤ß¼d,,,
¹Å¸q¿¤¤½¨®³B,7313 ,¹Å¸q¡÷·Ë¤ß¼d(¸gªQ¸}),¤j¶®¯¸,·Ë¤ß¼d,,,
¹Å¸q¿¤¤½¨®³B,7314 ,¹Å¸q¡÷¹F¨¹,¤j¶®¯¸,¹F¨¹,,,
¹Å¸q¿¤¤½¨®³B,7314 ,¹Å¸q¡÷¹F¨¹,¤j¶®¯¸,¹F¨¹,,,
¹Å¸q¿¤¤½¨®³B,7314 ,¹F¨¹¡÷¹Å¸q,¹F¨¹,¤j¶®¯¸,,,
¹Å¸q¿¤¤½¨®³B,7315 ,¹Å¸q¡÷·ç®p,¤j¶®¯¸,·ç®p,,,
¹Å¸q¿¤¤½¨®³B,7315 ,¹Å¸q¡÷·ç®p [Â¶¾p·OÀÙÂå°|],¤j¶®¯¸,·ç®p,,,
¹Å¸q¿¤¤½¨®³B,7315 ,¹Å¸q¡÷·ç®p,¤j¶®¯¸,·ç®p,,,
¹Å¸q¿¤¤½¨®³B,7315 ,·ç®p¡÷¹Å¸q,·ç®p,¤j¶®¯¸,,,
¹Å¸q¿¤¤½¨®³B,7315 ,¹Å¸q¡÷·ç®p [Â¶¾p·OÀÙÂå°|],¤j¶®¯¸,·ç®p,,,
¹Å¸q¿¤¤½¨®³B,7315 ,·ç®p ¡÷¹Å¸q[Â¶¾p·OÀÙÂå°|],·ç®p,¤j¶®¯¸,,,
¹Å¸q¿¤¤½¨®³B,7316 ,¹Å¸q¡÷±[¤l(¸g·Ë¤f),¤j¶®¯¸,±[¤l,,,
¹Å¸q¿¤¤½¨®³B,7316 ,¹Å¸q¡÷±[¤l(¸g·Ë¤f)[Â¶¾p¹Å¸q¥«¾Ç°Ï],¤j¶®¯¸,±[¤l,,,
¹Å¸q¿¤¤½¨®³B,7316 ,¹Å¸q¡÷±[¤l(¸g·Ë¤f),¤j¶®¯¸,±[¤l,,,
¹Å¸q¿¤¤½¨®³B,7316 ,±[¤l¡÷¹Å¸q(¸g·Ë¤f),±[¤l,¤j¶®¯¸,,,
¹Å¸q¿¤¤½¨®³B,7316 ,¹Å¸q¡÷±[¤l(¸g·Ë¤f)[Â¶¾p¹Å¸q¥«¾Ç°Ï],¤j¶®¯¸,±[¤l,,,
¹Å¸q¿¤¤½¨®³B,7316 ,±[¤l¡÷¹Å¸q(¸g·Ë¤f)[Â¶¾p¹Å¸q¥«¾Ç°Ï],±[¤l,¤j¶®¯¸,,,
¹Å¸q¿¤¤½¨®³B,7317 ,¹Å¸q¡÷¤j´ò(¸g¥b¤Ñ©¥),¤j¶®¯¸,¤j´ò,,,
¹Å¸q¿¤¤½¨®³B,7317 ,¤j´ò¡÷¹Å¸q(¸g¥b¤Ñ©¥),¤j´ò,¤j¶®¯¸,,,
¹Å¸q¿¤¤½¨®³B,7317 ,¹Å¸q¡÷¤j´ò(¸g¥b¤Ñ©¥),¤j¶®¯¸,¤j´ò,,,
¹Å¸q¿¤¤½¨®³B,7318 ,¹Å¸q¡÷¤j´ò(¸g®H§À),¤j¶®¯¸,¤j´ò,,,
¹Å¸q¿¤¤½¨®³B,7318 ,¹Å¸q¡÷¤j´ò(¸g®H§À)[Â¶¾p¾¤©ú°ê¤p],¤j¶®¯¸,¤j´ò,,,
¹Å¸q¿¤¤½¨®³B,7318 ,¹Å¸q¡÷¤j´ò(¸g®H§À),¤j¶®¯¸,¤j´ò,,,
¹Å¸q¿¤¤½¨®³B,7318 ,¤j´ò¡÷¹Å¸q(¸g®H§À),¤j´ò,¤j¶®¯¸,,,
¹Å¸q¿¤¤½¨®³B,7318 ,¹Å¸q¡÷¤j´ò(¸g®H§À)[Â¶¾p¾¤©ú°ê¤p],¤j¶®¯¸,¤j´ò,,,
¹Å¸q¿¤¤½¨®³B,7319 ,¹Å¸q¡÷µf¸ô(¸g¤º®H),¤j¶®¯¸,µf¸ô,,,
¹Å¸q¿¤¤½¨®³B,7319 ,¹Å¸q¡÷µf¸ô(¸g¤º®H)[©µ¾p¾¤©ú°ê¤p],¤j¶®¯¸,¾¤©ú°ê¤p,,,
¹Å¸q¿¤¤½¨®³B,7319 ,¹Å¸q¡÷µf¸ô(¸g¤º®H)[Â¶¾pÆFÅÉ¦x],¤j¶®¯¸,µf¸ô,,,
¹Å¸q¿¤¤½¨®³B,7319 ,¹Å¸q¡÷µf¸ô(¸g¤º®H),¤j¶®¯¸,µf¸ô,,,
¹Å¸q¿¤¤½¨®³B,7319 ,µf¸ô¡÷¹Å¸q(¸g¤º®H),µf¸ô,¤j¶®¯¸,,,
¹Å¸q¿¤¤½¨®³B,7319 ,¹Å¸q¡÷µf¸ô(¸g¤º®H)[©µ¾p¾¤©ú°ê¤p],¤j¶®¯¸,¾¤©ú°ê¤p,,,
¹Å¸q¿¤¤½¨®³B,7319 ,¹Å¸q¡÷µf¸ô(¸g¤º®H)[Â¶¾pÆFÅÉ¦x],¤j¶®¯¸,µf¸ô,,,
¹Å¸q¿¤¤½¨®³B,7319 ,µf¸ô¡÷¹Å¸q(¸g¤º®H)[Â¶¾p¶í¤U¼d¡B¹Å¸q¥«¾Ç°Ï],µf¸ô,¤j¶®¯¸,,,
¹Å¸q¿¤¤½¨®³B,7321 ,¹Å¸q¡÷ªQ¸},¤j¶®¯¸,ªü©Þ¬u,,,
¹Å¸q¿¤¤½¨®³B,7321 ,¹Å¸q¡÷ªQ¸}[Â¶¾p¦Ë±T°ª¤¤],¤j¶®¯¸,ªü©Þ¬u,,,
¹Å¸q¿¤¤½¨®³B,7321 ,¹Å¸q¡÷ªQ¸},¤j¶®¯¸,ªü©Þ¬u,,,
¹Å¸q¿¤¤½¨®³B,7321 ,ªQ¸}¡÷¹Å¸q,ªü©Þ¬u,¤j¶®¯¸,,,
¹Å¸q¿¤¤½¨®³B,7321 ,¹Å¸q¡÷ªQ¸}[Â¶¾p¦Ë±T°ª¤¤],¤j¶®¯¸,ªü©Þ¬u,,,
¹Å¸q¿¤¤½¨®³B,7321 ,ªQ¸}¡÷¹Å¸q[Â¶¾p¹Å¸q¥«¾Ç°Ï],ªü©Þ¬u,¤j¶®¯¸,,,
¹Å¸q¿¤¤½¨®³B,7322 ,¹Å¸q¡÷ªü¨½¤s,¤j¶®¯¸,ªü¨½¤s,,,
¹Å¸q¿¤¤½¨®³B,7322 ,¹Å¸q¡÷ªü¨½¤s[¥xÆW¦n¦æB½u],¹Å¸q,ªü¨½¤s,,,
¹Å¸q¿¤¤½¨®³B,7322 ,¹Å¸q¡÷ªü¨½¤s[¥xÆW¦n¦æB½u¡BÂ¶¾p¾Ä°_´ò],¹Å¸q,ªü¨½¤s,,,
¹Å¸q¿¤¤½¨®³B,7322 ,¹Å¸q¡÷ªü¨½¤s,¤j¶®¯¸,ªü¨½¤s,,,
¹Å¸q¿¤¤½¨®³B,7322 ,ªü¨½¤s¡÷¹Å¸q,ªü¨½¤s,¤j¶®¯¸,,,
¹Å¸q¿¤¤½¨®³B,7322 ,¹Å¸q¡÷ªü¨½¤s[¥xÆW¦n¦æB½u],¹Å¸q,ªü¨½¤s,,,
¹Å¸q¿¤¤½¨®³B,7322 ,ªü¨½¤s¡÷¹Å¸q[¥xÆW¦n¦æB½u],ªü¨½¤s,¹Å¸q,,,
¹Å¸q¿¤¤½¨®³B,7322 ,¹Å¸q¡÷ªü¨½¤s[¥xÆW¦n¦æB½u¡BÂ¶¾p¾Ä°_´ò],¹Å¸q,ªü¨½¤s,,,
¹Å¸q¿¤¤½¨®³B,7322 ,ªü¨½¤s¡÷¹Å¸q[¥xÆW¦n¦æB½u¡BÂ¶¾p¾Ä°_´ò],ªü¨½¤s,¹Å¸q,,,
¹Å¸q¿¤¤½¨®³B,7323 ,¹Å¸q¡÷±ö¤s(¸g¦Ë±T),¤j¶®¯¸,±ö¤s,,,
¹Å¸q¿¤¤½¨®³B,7323 ,¹Å¸q¡÷±ö¤s(¸g¦Ë±T)¤ä½uA¡Ð[Â¶¾p¤º®H],¤j¶®¯¸,±ö¤s,,,
¹Å¸q¿¤¤½¨®³B,7323 ,¹Å¸q¡÷±ö¤s(¸g¦Ë±T)¤ä½uB¡Ð[Â¶¾p¦Ë±T°ª¤¤],¤j¶®¯¸,±ö¤s,,,
¹Å¸q¿¤¤½¨®³B,7323 ,¹Å¸q¡÷±ö¤s(¸g¦Ë±T),¤j¶®¯¸,±ö¤s,,,
¹Å¸q¿¤¤½¨®³B,7323 ,±ö¤s¡÷¹Å¸q(¸g¦Ë±T),±ö¤s,¤j¶®¯¸,,,
¹Å¸q¿¤¤½¨®³B,7323 ,¹Å¸q¡÷±ö¤s(¸g¦Ë±T)¤ä½uA¡Ð[Â¶¾p¤º®H],¤j¶®¯¸,±ö¤s,,,
¹Å¸q¿¤¤½¨®³B,7323 ,¹Å¸q¡÷±ö¤s(¸g¦Ë±T)¤ä½uB¡Ð[Â¶¾p¦Ë±T°ª¤¤],¤j¶®¯¸,±ö¤s,,,
¹Å¸q¿¤¤½¨®³B,7323 ,±ö¤s¡÷¹Å¸q(¸g¦Ë±T)¤ä½uB¡Ð[Â¶¾p¦Ë±T°ª¤¤],±ö¤s,¤j¶®¯¸,,,
¹Å¸q¿¤¤½¨®³B,7323 ,±ö¤s¡÷¹Å¸q(¸g¦Ë±T)[Â¶¾p¹Å¸q¥«¾Ç°Ï],±ö¤s,¤j¶®¯¸,,,
¹Å¸q¿¤¤½¨®³B,7324 ,¹Å¸q¡÷¦µ¤l(¸g¤ô¤W)[¸gªø©°],¤j¶®¯¸,¦µ¤l,,,
¹Å¸q¿¤¤½¨®³B,7324 ,¹Å¸q¡÷¦µ¤l(¸g¤ô¤W)[¸g°ªÅK¡Bªø©°],¤j¶®¯¸,¦µ¤l,,,
¹Å¸q¿¤¤½¨®³B,7324 ,¦µ¤l¡÷¹Å¸q(¸g¤ô¤W)[¸g°ªÅK¡Bªø©°],¦µ¤l,¤j¶®¯¸,,,
¹Å¸q¿¤¤½¨®³B,7324 ,¹Å¸q¡÷¦µ¤l(¸g¤ô¤W)[¸gªø©°],¤j¶®¯¸,¦µ¤l,,,
¹Å¸q¿¤¤½¨®³B,7324 ,¹Å¸q¡÷¦µ¤l(¸g¤ô¤W)[¸g°ªÅK¡Bªø©°],¤j¶®¯¸,¦µ¤l,,,
¹Å¸q¿¤¤½¨®³B,7324 ,¦µ¤l¡÷¹Å¸q(¸g¤ô¤W)[¸gªø©°],¦µ¤l,¤j¶®¯¸,,,
¹Å¸q¿¤¤½¨®³B,7327 ,¹Å¸q¡÷¥¬³U(¸g¦µ¤l)[¸g°ªÅK¡Bªø©°¡B©µ¾p¦Ü¥¬³U¹C«È¤¤¤ß],¤j¶®¯¸,¥¬³U¹C«È¤¤¤ß,,,
¹Å¸q¿¤¤½¨®³B,7327 ,¹Å¸q¡÷¥¬³U(¸g¦µ¤l)[¸g°ªÅK¡B½_¦¿¡B©µ¾p¦Ü¥¬³U¹C«È¤¤¤ß],¤j¶®¯¸,¥¬³U¹C«È¤¤¤ß,,,
¹Å¸q¿¤¤½¨®³B,7327 ,¹Å¸q¡÷¥¬³U(¸g¦µ¤l)[Â¶¾p°ªÅK¡Bªø©°¡B¥¬³U¹C«È¤¤¤ß¡B©µ¾p·s¶ó],¤j¶®¯¸,·s¶ó,,,
¹Å¸q¿¤¤½¨®³B,7327 ,¹Å¸q¡÷¥¬³U(¸g¦µ¤l)[¸g°ªÅK¡Bªø©°¡B©µ¾p¦Ü¥¬³U¹C«È¤¤¤ß],¤j¶®¯¸,¥¬³U¹C«È¤¤¤ß,,,
¹Å¸q¿¤¤½¨®³B,7327 ,¥¬³U¡÷¹Å¸q(¸g¦µ¤l)[¸g°ªÅK¡Bªø©°¡B©µ¾p¦Ü¥¬³U¹C«È¤¤¤ß],¥¬³U¹C«È¤¤¤ß,¤j¶®¯¸,,,
¹Å¸q¿¤¤½¨®³B,7327 ,¹Å¸q¡÷¥¬³U(¸g¦µ¤l)[¸g°ªÅK¡B½_¦¿¡B©µ¾p¦Ü¥¬³U¹C«È¤¤¤ß],¤j¶®¯¸,¥¬³U¹C«È¤¤¤ß,,,
¹Å¸q¿¤¤½¨®³B,7327 ,¹Å¸q¡÷¥¬³U(¸g¦µ¤l)[Â¶¾p°ªÅK¡Bªø©°¡B¥¬³U¹C«È¤¤¤ß¡B©µ¾p·s¶ó],¤j¶®¯¸,·s¶ó,,,
¹Å¸q¿¤¤½¨®³B,7327 ,¥¬³U¡÷¹Å¸q(¸g¦µ¤l)[Â¶¾p°ªÅK¡Bªø©°¡B¥¬³U¹C«È¤¤¤ß¡B©µ¾p·s¶ó],·s¶ó,¤j¶®¯¸,,,
¹Å¸q¿¤¤½¨®³B,7329 ,°ªÅK¹Å¸q¯¸¡÷ªü¨½¤s,°ªÅK¹Å¸q¯¸,ªü¨½¤s,,,
¹Å¸q¿¤¤½¨®³B,7329 ,ªü¨½¤s¡÷°ªÅK¹Å¸q¯¸,ªü¨½¤s,°ªÅK¹Å¸q¯¸,,,
¹Å¸q¿¤¤½¨®³B,7329 ,°ªÅK¹Å¸q¯¸¡÷ªü¨½¤s[Â¶¾p¾Ä°_´ò],°ªÅK¹Å¸q¯¸,ªü¨½¤s,,,
¹Å¸q¿¤¤½¨®³B,7329 ,ªü¨½¤s¡÷°ªÅK¹Å¸q¯¸[Â¶¾p¾Ä°_´ò],ªü¨½¤s,°ªÅK¹Å¸q¯¸,,,
·sÀç«È¹B,7407 ,·sÀç¡÷¦µ¤l,·sÀçÁ`¯¸,¦µ¤l,,,
·sÀç«È¹B,7407 ,¦µ¤l¡÷·sÀç,¦µ¤l,·sÀçÁ`¯¸,,,
·sÀç«È¹B,7408 ,¦n¬ü¨½¡÷·sÀç(¸g«nóËñÊ),¦n¬ü¨½,·sÀçÁ`¯¸,,,
·sÀç«È¹B,7408 ,·sÀç¡÷¦n¬ü¨½(¸g«nóËñÊ),·sÀçÁ`¯¸,¦n¬ü¨½,,,
·sÀç«È¹B,7410 ,·sÀç¡÷¥¬³U°Ó´ä(¸g«eªF´ä),·sÀçÁ`¯¸,¹C«È¤¤¤ß,,,
·sÀç«È¹B,7410 ,¥¬³U°Ó´ä¡÷·sÀç(¸g«eªF´ä),¹C«È¤¤¤ß,·sÀçÁ`¯¸,,,
·sÀç«È¹B,7410 ,·sÀç¡÷¥¬³U°Ó´ä[¸g®È«ÈªA°È¤¤¤ß],·sÀçÁ`¯¸,¥¬³U°Ó´ä,,,
·sÀç«È¹B,7410 ,¥¬³U°Ó´ä¡÷·sÀç[¸g®È«ÈªA°È¤¤¤ß],¥¬³U°Ó´ä,·sÀçÁ`¯¸,,,
¹Å¸q«È¹B,7702 ,¹Å¸q¥«¥ý´ÁÂà¹B¤¤¤ß¡÷¥_ªù¹C«È¤¤¤ß,¹Å¸qÉ]¥ý´Á¥æ³qÂà¹B¤¤¤ß,¥_ªù¹C«È¤¤¤ß,,,
¹Å¸q«È¹B,7702 ,¹Å¸q¥«¥ý´ÁÂà¹B¤¤¤ß¡÷¥_ªù¹C«È¤¤¤ß,¹Å¸qÉ]¥ý´Á¥æ³qÂà¹B¤¤¤ß,¥_ªù¹C«È¤¤¤ß,,,